{"cameraMode":{"drawMode":0,"name":"Shaded","section":"Shading Mode"},"sceneLighting":true,"audioPlay":false,"sceneViewState":{"showFog":true,"showMaterialUpdate":true,"showSkybox":true,"showFlares":true,"showImageEffects":true,"showParticleSystems":true},"in2DMode":false,"pivot":{"x":-2.196652412414551,"y":22.33620834350586,"z":14.967683792114258},"rotation":{"x":0.12714560329914094,"y":0.01249742042273283,"z":-0.0016030322294682265,"w":0.9918116331100464},"size":63.95285415649414,"orthographic":false}